INSERT INTO rol (id, nombre, descripcion) VALUES (1, 'ADMIN', 'Administrador del sistema con todos los permisos'), (2, 'CLIENTE', 'Usuario cliente que puede hacer pedidos');
INSERT INTO usuario (username, password, nombre, apellido, telefono, email, direccion, id_rol) VALUES ('admin', '0988', 'Admin', 'Sistema', '0991234567', 'admin@modaclick.com', 'Calle Central 123', 1), ('cliente_jose', 'cliente123', 'José', 'Pérez', '0987654321', 'jose.perez@mail.com', 'Av. Principal 456', 2);
INSERT INTO categoria (id, nombre, descripcion) VALUES (1, 'Ropa', 'Categoría de ropa para todas las edades y estilos en ModaClick'), (2, 'Accesorios', 'Artículos complementarios para acompañar la ropa'), (3, 'Calzado', 'Zapatos, zapatillas y botas para todos los gustos');
INSERT INTO marca (id, nombre, descripcion) VALUES (1, 'ModaClick Basics', 'Ropa básica y cómoda para el día a día'), (2, 'UrbanStyle', 'Moda urbana y juvenil con estilo moderno'), (3, 'Elegance', 'Ropa formal y elegante para ocasiones especiales'), (4, 'StepUp', 'Calzado deportivo y casual');
INSERT INTO producto (nombre, descripcion, id_imagen, precio, stock, id_categoria, id_marca) VALUES ('Camiseta básica blanca', 'Camiseta 100% algodón, cómoda y fresca', 'img_ropa_01', 15.50, 150, 1, 1), ('Chaqueta urbana negra', 'Chaqueta ligera para uso diario en la ciudad', 'img_ropa_02', 55.00, 50, 1, 2), ('Vestido formal azul', 'Vestido elegante para eventos especiales', 'img_ropa_03', 70.00, 40, 1, 3), ('Zapatillas deportivas', 'Zapatillas cómodas para correr y entrenar', 'img_calzado_01', 60.00, 70, 3, 4);
INSERT INTO pedido (fecha, total, pagado, id_usuario) VALUES (NOW(), 140.50, true, 2), (NOW(), 55.00, false, 2);
INSERT INTO detalle_pedido (cantidad, subtotal, id_pedido, id_producto) VALUES (2, 31.00, 1, 1), (1, 55.00, 2, 2), (1, 70.00, 1, 3);
